DrawDate,Year,Month,FirstPrize,Last2,Front3_1,Front3_2,Back3_1,Back3_2,Back3_3,Back3_4
2533-01-16,2533,1,3992239,97,,,898,234,288,284
2533-02-01,2533,2,1078496,82,,,756,481,259,104
2533-02-16,2533,2,3732892,01,,,889,596,386,601
2533-03-01,2533,3,4968902,15,,,624,452,087,567
2533-03-16,2533,3,3240205,88,,,443,275,775,559
2533-04-01,2533,4,4734251,39,,,301,637,195,717
2533-04-16,2533,4,5092890,84,,,664,059,912,489
2533-05-02,2533,5,5898868,01,,,186,644,668,078
2533-05-16,2533,5,5071272,34,,,565,815,942,465
2533-06-01,2533,6,2355474,72,,,118,115,227,492
2533-06-16,2533,6,3530344,65,,,878,144,198,371
2533-07-01,2533,7,1076835,43,,,043,641,038,295
2533-07-16,2533,7,3814178,11,,,342,619,112,770
2533-08-01,2533,8,1867185,92,,,579,070,973,445
2533-08-16,2533,8,1671935,43,,,325,746,361,644
2533-09-01,2533,9,1622380,83,,,862,938,161,639
2533-09-16,2533,9,5202390,55,,,461,211,085,747
2533-10-01,2533,10,5738808,37,,,043,977,058,748
2533-10-16,2533,10,5626303,56,,,351,928,923,431
2533-11-01,2533,11,4380230,82,,,694,516,619,829
2533-11-16,2533,11,1226536,06,,,426,020,721,050
2533-12-01,2533,12,4771944,88,,,237,586,692,444
2533-12-16,2533,12,4407799,21,,,708,359,171,238
2533-12-30,2533,12,2190949,05,,,516,367,330,962
2534-01-16,2534,1,5328736,29,,,649,645,225,388
2534-02-01,2534,2,5396496,75,,,079,455,458,087
2534-02-16,2534,2,3223780,33,,,992,658,242,596
2534-03-01,2534,3,4598076,72,,,950,783,676,928
2534-03-16,2534,3,5891641,59,,,540,715,527,866
2534-04-01,2534,4,1606864,03,,,819,416,103,008
2534-04-16,2534,4,4824037,57,,,565,711,970,206
2534-05-02,2534,5,4222124,63,,,536,296,630,836
2534-05-16,2534,5,2532303,63,,,931,269,688,802
2534-06-01,2534,6,2496376,77,,,318,303,485,804
2534-06-16,2534,6,5364632,91,,,370,785,761,268
2534-07-01,2534,7,4441724,58,,,771,134,196,766
2534-07-16,2534,7,1671946,62,,,822,846,951,882
2534-08-01,2534,8,6580541,11,,,459,509,753,947
2534-08-16,2534,8,3746551,89,,,845,377,044,182
2534-09-01,2534,9,6700430,49,,,081,237,661,119
2534-09-16,2534,9,4790449,18,,,114,298,220,381
2534-10-01,2534,10,2730444,96,,,978,318,977,928
2534-10-16,2534,10,2078202,38,,,585,566,338,314
2534-11-01,2534,11,7894285,78,,,516,537,183,272
2534-11-16,2534,11,4373528,08,,,979,477,937,643
2534-12-01,2534,12,1470741,05,,,540,794,006,602
2534-12-16,2534,12,7241436,88,,,613,667,717,597
2534-12-30,2534,12,3208301,76,,,318,087,182,917
2535-01-16,2535,1,1149428,18,,,034,543,672,132
2535-02-01,2535,2,5986924,63,,,936,952,683,944
2535-02-16,2535,2,1868701,94,,,641,849,349,599
2535-03-01,2535,3,7291524,60,,,870,902,024,231
2535-03-16,2535,3,1218353,48,,,004,578,543,737
2535-04-01,2535,4,2244704,03,,,624,863,013,242
2535-04-16,2535,4,2699374,10,,,836,662,139,325
2535-05-02,2535,5,5765397,86,,,079,444,732,104
2535-05-16,2535,5,2827496,59,,,333,738,246,890
2535-06-01,2535,6,5184191,29,,,169,351,245,729
2535-06-16,2535,6,5569432,92,,,392,880,914,221
2535-07-01,2535,7,5119968,56,,,999,813,561,702
2535-07-16,2535,7,7954430,87,,,492,324,756,339
2535-08-01,2535,8,6697778,86,,,712,935,593,575
2535-08-16,2535,8,6234607,91,,,978,251,422,151
2535-09-01,2535,9,1446615,68,,,060,307,125,056
2535-09-16,2535,9,6874108,88,,,221,127,030,623
2535-10-01,2535,10,6379578,71,,,752,765,654,300
2535-10-16,2535,10,3576993,79,,,412,312,037,964
2535-11-01,2535,11,6267821,35,,,879,263,789,046
2535-11-16,2535,11,3685682,45,,,223,632,049,295
2535-12-01,2535,12,7120927,65,,,019,406,153,063
2535-12-16,2535,12,4826531,92,,,945,601,383,851
2535-12-30,2535,12,6662150,23,,,510,563,810,795
2536-01-16,2536,1,5423816,25,,,419,335,947,620
2536-02-01,2536,2,7459337,21,,,171,767,507,986
2536-02-16,2536,2,7549455,41,,,165,031,850,034
2536-03-01,2536,3,4006281,19,,,449,968,065,492
2536-03-16,2536,3,7680699,98,,,554,547,731,509
2536-04-01,2536,4,5825558,89,,,859,255,060,217
2536-04-16,2536,4,5632018,09,,,265,995,970,200
2536-05-02,2536,5,7749508,99,,,532,916,661,783
2536-05-16,2536,5,1633983,53,,,109,740,812,606
2536-06-01,2536,6,3488477,61,,,813,645,011,815
2536-06-16,2536,6,2119871,39,,,146,955,961,223
2536-07-01,2536,7,3820203,29,,,729,189,206,213
2536-07-16,2536,7,5686061,21,,,865,873,702,818
2536-08-01,2536,8,4137744,06,,,273,778,446,905
2536-08-16,2536,8,4088644,86,,,030,260,200,033
2536-09-01,2536,9,2812096,00,,,738,227,181,218
2536-09-16,2536,9,4286755,11,,,296,963,890,504
2536-10-01,2536,10,3415973,26,,,489,401,928,682
2536-10-16,2536,10,7611764,58,,,254,216,684,566
2536-11-01,2536,11,3908940,94,,,701,103,895,626
2536-11-16,2536,11,7515123,82,,,410,507,184,112
2536-12-01,2536,12,3670638,98,,,294,139,959,608
2536-12-16,2536,12,4043500,69,,,646,156,478,253
2536-12-30,2536,12,2669189,72,,,874,902,069,037
2537-01-16,2537,1,4791270,23,,,873,237,845,708
2537-02-01,2537,2,5984685,05,,,173,746,268,396
2537-02-16,2537,2,7679044,76,,,943,520,753,486
2537-03-01,2537,3,3373731,41,,,082,631,008,820
2537-03-16,2537,3,1723336,19,,,382,166,515,185
2537-04-01,2537,4,4269815,29,,,675,035,704,868
2537-04-16,2537,4,7893913,21,,,785,982,151,594
2537-05-02,2537,5,3072877,69,,,535,317,170,521
2537-05-16,2537,5,2071764,29,,,093,544,535,746
2537-06-01,2537,6,3560804,17,,,474,564,989,164
2537-06-16,2537,6,1947355,53,,,302,583,524,669
2537-07-01,2537,7,6568267,39,,,372,902,868,445
2537-07-16,2537,7,5962891,74,,,424,686,628,622
2537-08-01,2537,8,3114057,85,,,396,149,026,758
2537-08-16,2537,8,6504760,28,,,303,724,897,677
2537-09-01,2537,9,6220893,67,,,891,718,949,701
2537-09-16,2537,9,4781931,88,,,046,255,164,886
2537-10-01,2537,10,7128442,23,,,623,251,229,243
2537-10-16,2537,10,7583048,79,,,165,294,428,024
2537-11-01,2537,11,1676779,76,,,110,365,096,840
2537-11-16,2537,11,6095849,82,,,504,902,225,816
2537-12-01,2537,12,6832681,02,,,342,923,448,043
2537-12-16,2537,12,5100040,50,,,654,129,766,544
2537-12-30,2537,12,6284069,90,,,798,713,339,744
2538-01-16,2538,1,922388,40,,,186,667,253,002
2538-02-01,2538,2,198162,48,,,195,087,805,574
2538-02-16,2538,2,869070,95,,,828,597,462,126
2538-03-01,2538,3,411454,71,,,034,019,022,152
2538-03-16,2538,3,646847,67,,,225,044,091,220
2538-04-01,2538,4,427039,06,,,254,926,674,978
2538-04-16,2538,4,053581,99,,,560,968,681,376
2538-05-02,2538,5,504692,88,,,304,886,268,273
2538-05-17,2538,5,220381,55,,,460,597,511,488
2538-06-01,2538,6,105615,17,,,374,735,168,688
2538-06-16,2538,6,046698,82,,,678,785,507,393
2538-07-01,2538,7,939901,19,,,428,940,667,879
2538-07-16,2538,7,248122,96,,,571,085,303,758
2538-08-01,2538,8,464819,59,,,070,274,669,293
2538-08-16,2538,8,265333,51,,,235,455,618,342
2538-09-01,2538,9,620837,83,,,693,872,255,644
2538-09-16,2538,9,876454,51,,,558,297,582,802
2538-10-01,2538,10,317092,76,,,139,819,088,296
2538-10-16,2538,10,322154,86,,,924,192,716,233
2538-11-01,2538,11,282069,07,,,962,564,194,393
2538-11-16,2538,11,239422,85,,,078,883,776,756
2538-12-01,2538,12,714426,74,,,516,427,387,073
2538-12-16,2538,12,952808,68,,,732,540,639,064
2538-12-30,2538,12,327686,04,,,748,456,145,928
2539-01-16,2539,1,318302,21,,,882,444,661,971
2539-02-01,2539,2,256556,26,,,906,705,549,994
2539-02-16,2539,2,681455,49,,,977,664,428,779
2539-03-01,2539,3,304855,72,,,760,664,443,945
2539-03-16,2539,3,019128,27,,,673,796,694,526
2539-04-01,2539,4,660765,90,,,701,338,839,278
2539-04-16,2539,4,049584,77,,,435,222,155,052
2539-05-02,2539,5,247351,54,,,175,234,661,978
2539-05-17,2539,5,978140,75,,,321,443,718,523
2539-06-01,2539,6,869656,81,,,422,126,961,584
2539-06-16,2539,6,318311,21,,,649,118,735,916
2539-07-01,2539,7,625379,76,,,666,298,094,543
2539-07-16,2539,7,332687,91,,,771,547,281,010
2539-08-01,2539,8,151091,61,,,646,650,833,669
2539-08-16,2539,8,352768,19,,,389,932,609,875
2539-09-01,2539,9,470136,02,,,392,666,927,501
2539-09-16,2539,9,814368,59,,,889,818,976,400
2539-10-01,2539,10,947788,97,,,089,166,544,484
2539-10-16,2539,10,198019,18,,,082,270,865,824
2539-11-01,2539,11,512694,24,,,290,432,255,964
2539-11-16,2539,11,951088,21,,,168,349,580,577
2539-12-01,2539,12,179528,66,,,822,365,920,566
2539-12-16,2539,12,593856,44,,,381,755,608,438
2539-12-30,2539,12,879454,26,,,879,314,158,584
2540-01-16,2540,1,151995,47,,,612,257,020,381
2540-02-01,2540,2,750792,57,,,402,771,703,079
2540-02-16,2540,2,499884,94,,,716,247,533,315
2540-03-01,2540,3,976779,98,,,148,414,791,364
2540-03-16,2540,3,100474,36,,,444,822,705,214
2540-04-01,2540,4,617629,52,,,426,162,880,015
2540-04-16,2540,4,551450,92,,,654,165,279,085
2540-05-02,2540,5,388437,38,,,025,656,056,728
2540-05-16,2540,5,088067,52,,,510,621,896,769
2540-06-01,2540,6,643997,24,,,507,918,784,060
2540-06-16,2540,6,537146,61,,,635,769,982,504
2540-07-01,2540,7,676573,11,,,909,620,412,092
2540-07-16,2540,7,509691,67,,,982,623,750,944
2540-08-01,2540,8,054272,31,,,797,145,414,440
2540-08-16,2540,8,156967,30,,,235,957,596,569
2540-09-01,2540,9,083537,59,,,132,319,658,716
2540-09-16,2540,9,527514,98,,,251,335,687,935
2540-10-01,2540,10,444413,24,,,808,689,746,698
2540-10-16,2540,10,405124,98,,,280,356,459,125
2540-11-01,2540,11,974201,39,,,830,877,283,064
2540-11-16,2540,11,875462,99,,,539,573,730,038
2540-12-01,2540,12,241559,86,,,392,982,677,168
2540-12-16,2540,12,294240,71,,,975,762,142,408
2540-12-30,2540,12,675704,65,,,044,327,977,788
2541-01-16,2541,1,947195,34,,,425,185,833,792
2541-02-01,2541,2,665959,48,,,381,685,788,941
2541-02-16,2541,2,612897,69,,,460,234,356,213
2541-03-01,2541,3,236864,74,,,867,285,127,562
2541-03-16,2541,3,572701,79,,,260,852,943,506
2541-04-01,2541,4,496930,66,,,454,563,882,786
2541-04-16,2541,4,146573,17,,,202,153,705,664
2541-05-02,2541,5,663807,72,,,802,946,143,325
2541-05-16,2541,5,840043,63,,,984,258,981,950
2541-06-01,2541,6,820088,67,,,014,649,781,530
2541-06-16,2541,6,858076,19,,,235,316,219,533
2541-07-01,2541,7,595123,65,,,076,101,606,314
2541-07-16,2541,7,599991,52,,,012,401,904,935
2541-08-01,2541,8,748493,22,,,015,001,771,862
2541-08-16,2541,8,081784,91,,,724,464,644,677
2541-09-01,2541,9,872795,96,,,316,042,551,060
2541-09-16,2541,9,065720,65,,,782,584,401,311
2541-10-01,2541,10,987844,18,,,806,286,728,470
2541-10-16,2541,10,261080,74,,,461,935,755,695
2541-11-01,2541,11,920846,29,,,081,316,044,289
2541-11-16,2541,11,270744,20,,,480,763,785,794
2541-12-01,2541,12,836569,58,,,115,075,944,200
2541-12-16,2541,12,181813,55,,,306,175,498,560
2541-12-30,2541,12,464147,50,,,778,094,924,983
2542-01-16,2542,1,190611,13,,,186,543,854,976
2542-02-01,2542,2,342860,69,,,361,048,735,752
2542-02-16,2542,2,307213,41,,,456,091,404,782
2542-03-02,2542,3,660214,58,,,645,612,927,479
2542-03-16,2542,3,577278,63,,,089,418,606,415
2542-04-01,2542,4,479957,92,,,713,471,858,670
2542-04-16,2542,4,625094,35,,,394,432,067,859
2542-05-02,2542,5,691483,45,,,686,003,715,184
2542-05-16,2542,5,618818,16,,,843,074,884,870
2542-06-01,2542,6,077626,08,,,606,177,951,340
2542-06-16,2542,6,278794,63,,,917,422,859,742
2542-07-01,2542,7,386441,67,,,152,987,001,211
2542-07-16,2542,7,070416,03,,,138,349,343,004
2542-08-01,2542,8,056860,98,,,688,064,303,994
2542-08-16,2542,8,340998,65,,,696,333,371,111
2542-09-01,2542,9,591344,33,,,261,237,275,861
2542-09-16,2542,9,807506,46,,,593,268,283,734
2542-10-01,2542,10,830676,80,,,287,215,167,234
2542-10-16,2542,10,410227,28,,,468,304,750,467
2542-11-01,2542,11,561335,03,,,655,882,570,141
2542-11-16,2542,11,764354,14,,,978,723,324,293
2542-12-01,2542,12,669281,79,,,952,896,999,999
2542-12-16,2542,12,139853,30,,,131,688,143,656
2542-12-30,2542,12,051108,03,,,061,263,540,301
2543-01-16,2543,1,442183,82,,,540,950,269,847
2543-02-01,2543,2,530213,85,,,109,926,094,597
2543-02-16,2543,2,729816,91,,,631,916,618,181
2543-03-01,2543,3,997833,63,,,817,250,627,416
2543-03-16,2543,3,164311,65,,,009,460,071,326
2543-04-01,2543,4,963948,99,,,477,535,511,018
2543-04-16,2543,4,836777,63,,,950,273,131,362
2543-05-02,2543,5,070715,20,,,422,287,979,740
2543-05-16,2543,5,009315,56,,,226,035,929,174
2543-06-01,2543,6,592761,16,,,716,705,981,810
2543-06-16,2543,6,825696,57,,,592,832,311,771
2543-07-01,2543,7,674071,29,,,946,761,689,190
2543-07-16,2543,7,931342,43,,,397,237,739,656
2543-08-01,2543,8,267540,18,,,881,930,665,463
2543-08-16,2543,8,459013,57,,,087,378,155,120
2543-09-01,2543,9,437367,52,,,952,290,365,474
2543-09-16,2543,9,046251,05,,,933,806,860,230
2543-10-01,2543,10,290582,26,,,690,436,618,070
2543-10-16,2543,10,620662,39,,,276,607,133,372
2543-11-01,2543,11,093182,90,,,046,606,818,407
2543-11-16,2543,11,565311,10,,,494,381,044,304
2543-12-01,2543,12,887956,56,,,454,664,170,933
2543-12-16,2543,12,969676,91,,,555,267,313,605
2543-12-30,2543,12,119451,31,,,600,763,985,357
2544-01-16,2544,1,737016,36,,,358,515,778,035
2544-02-01,2544,2,454703,13,,,089,437,245,063
2544-02-16,2544,2,621267,47,,,155,275,673,305
2544-03-01,2544,3,836537,85,,,356,147,292,380
2544-03-16,2544,3,633616,45,,,400,773,903,350
2544-04-01,2544,4,640998,49,,,600,061,407,877
2544-04-16,2544,4,140843,28,,,031,952,800,378
2544-05-02,2544,5,205095,64,,,980,543,294,099
2544-05-16,2544,5,091982,61,,,437,507,055,080
2544-06-01,2544,6,113311,80,,,490,983,310,920
2544-06-16,2544,6,762394,75,,,550,395,606,922
2544-07-01,2544,7,107987,34,,,364,296,985,546
2544-07-16,2544,7,820715,50,,,250,171,282,767
2544-08-01,2544,8,180597,11,,,602,086,864,848
2544-08-16,2544,8,690135,10,,,217,717,900,588
2544-09-01,2544,9,119067,14,,,145,294,218,532
2544-09-16,2544,9,616426,82,,,995,806,291,089
2544-10-01,2544,10,104154,15,,,827,303,287,058
2544-10-16,2544,10,975005,48,,,070,626,110,670
2544-11-01,2544,11,683472,52,,,392,081,694,431
2544-11-16,2544,11,685706,74,,,339,976,600,275
2544-12-01,2544,12,737022,49,,,713,461,773,925
2544-12-16,2544,12,224675,19,,,887,538,363,902
2544-12-30,2544,12,729367,64,,,873,974,611,107
2545-01-16,2545,1,709670,14,,,895,116,434,109
2545-02-01,2545,2,633270,40,,,956,414,621,859
2545-02-16,2545,2,330853,92,,,167,820,088,769
2545-03-01,2545,3,805590,55,,,748,715,434,856
2545-03-16,2545,3,659152,04,,,370,066,707,943
2545-04-01,2545,4,990543,57,,,971,430,225,456
2545-04-16,2545,4,522630,37,,,586,949,997,085
2545-05-02,2545,5,590664,56,,,764,739,695,503
2545-05-16,2545,5,598714,76,,,765,725,394,508
2545-06-01,2545,6,161149,02,,,879,643,328,485
2545-06-16,2545,6,073261,07,,,472,156,662,845
2545-07-01,2545,7,481447,24,,,195,517,763,802
2545-07-16,2545,7,340264,69,,,304,632,539,034
2545-08-01,2545,8,493438,88,,,269,645,544,529
2545-08-16,2545,8,120108,57,,,705,173,953,147
2545-09-01,2545,9,994200,51,,,126,799,046,395
2545-09-16,2545,9,156050,85,,,056,889,823,169
2545-10-01,2545,10,802505,72,,,864,567,358,189
2545-10-16,2545,10,428641,51,,,150,401,244,177
2545-11-01,2545,11,505498,25,,,341,297,747,383
2545-11-16,2545,11,915344,55,,,191,843,789,906
2545-12-01,2545,12,968422,37,,,298,088,337,809
2545-12-16,2545,12,019682,67,,,616,312,075,849
2545-12-30,2545,12,895196,95,,,191,116,689,609
2546-01-16,2546,1,977085,06,,,441,535,519,262
2546-02-01,2546,2,456370,94,,,661,429,806,229
2546-02-17,2546,2,455578,61,,,805,496,980,857
2546-03-01,2546,3,441022,42,,,322,026,707,628
2546-03-16,2546,3,653062,64,,,820,208,702,038
2546-04-01,2546,4,933164,86,,,467,863,732,902
2546-04-16,2546,4,892525,21,,,933,906,796,823
2546-05-02,2546,5,135603,12,,,498,870,386,522
2546-05-16,2546,5,552784,20,,,608,048,699,362
2546-06-01,2546,6,766066,36,,,083,523,354,686
2546-06-16,2546,6,389872,29,,,605,995,922,006
2546-07-01,2546,7,461414,91,,,151,878,395,282
2546-07-16,2546,7,679545,75,,,049,589,281,363
2546-08-01,2546,8,766098,91,,,733,856,007,460
2546-08-16,2546,8,354771,00,,,496,271,206,624
2546-09-01,2546,9,187813,92,,,661,918,793,249
2546-09-16,2546,9,600589,53,,,909,356,996,494
2546-10-01,2546,10,912040,43,,,407,100,379,563
2546-10-16,2546,10,305500,03,,,109,012,084,470
2546-11-01,2546,11,941438,47,,,866,156,216,264
2546-11-16,2546,11,238511,68,,,155,767,594,474
2546-12-01,2546,12,991307,78,,,945,719,559,217
2546-12-16,2546,12,177947,87,,,676,847,735,571
2546-12-30,2546,12,739447,64,,,654,435,743,216
2547-01-16,2547,1,731342,96,,,025,357,926,391
2547-02-01,2547,2,216822,77,,,361,242,769,765
2547-02-16,2547,2,698002,00,,,877,309,798,072
2547-03-01,2547,3,697483,50,,,610,510,759,206
2547-03-16,2547,3,615366,69,,,779,094,478,830
2547-04-01,2547,4,196391,62,,,808,918,257,851
2547-04-16,2547,4,705832,12,,,008,966,634,721
2547-05-02,2547,5,653403,91,,,385,550,822,101
2547-05-16,2547,5,589207,13,,,492,992,526,253
2547-06-01,2547,6,614144,72,,,990,776,425,992
2547-06-16,2547,6,208713,87,,,414,911,459,986
2547-07-01,2547,7,312471,66,,,313,598,664,261
2547-07-16,2547,7,205588,25,,,696,726,461,154
2547-08-02,2547,8,868990,45,,,956,811,510,377
2547-08-16,2547,8,335921,59,,,114,082,559,288
2547-09-01,2547,9,096597,70,,,709,929,014,456
2547-09-16,2547,9,923373,59,,,295,888,774,867
2547-10-01,2547,10,110866,66,,,200,547,781,806
2547-10-16,2547,10,355858,62,,,162,200,438,890
2547-11-01,2547,11,185966,23,,,862,137,745,661
2547-11-16,2547,11,754622,64,,,918,019,744,904
2547-12-01,2547,12,504658,69,,,139,014,984,691
2547-12-16,2547,12,479372,17,,,288,075,999,183
2547-12-30,2547,12,168858,28,,,221,603,627,179
2548-01-16,2548,1,335022,08,,,689,291,039,479
2548-02-01,2548,2,540054,34,,,389,180,863,571
2548-02-16,2548,2,816422,53,,,086,356,192,065
2548-03-01,2548,3,800751,93,,,681,714,998,669
2548-03-16,2548,3,196345,03,,,073,601,783,394
2548-04-01,2548,4,815753,69,,,482,381,224,807
2548-04-16,2548,4,119327,10,,,081,968,346,627
2548-05-02,2548,5,772467,43,,,017,383,815,073
2548-05-16,2548,5,867134,97,,,376,648,465,693
2548-06-01,2548,6,176893,35,,,176,579,616,405
2548-06-16,2548,6,793070,44,,,806,021,074,605
2548-07-01,2548,7,009554,87,,,798,427,641,244
2548-07-16,2548,7,477452,13,,,757,150,460,642
2548-08-01,2548,8,961633,26,,,055,152,386,272
2548-08-16,2548,8,475560,68,,,272,844,103,915
2548-09-01,2548,9,316933,17,,,123,338,969,047
2548-09-16,2548,9,214768,10,,,498,282,124,057
2548-10-01,2548,10,766482,24,,,766,551,792,275
2548-10-16,2548,10,041072,71,,,346,913,410,269
2548-11-01,2548,11,970577,98,,,171,375,009,216
2548-11-16,2548,11,742518,80,,,502,741,887,137
2548-12-01,2548,12,388551,17,,,072,764,027,770
2548-12-16,2548,12,449565,86,,,802,162,958,994
2548-12-30,2548,12,492955,94,,,066,308,742,150
2549-01-16,2549,1,432747,79,,,222,789,965,200
2549-02-01,2549,2,412729,87,,,915,720,149,384
2549-02-16,2549,2,317009,66,,,784,240,135,280
2549-03-01,2549,3,582473,43,,,586,801,108,914
2549-03-16,2549,3,936177,30,,,486,185,205,320
2549-04-01,2549,4,738365,95,,,064,955,301,522
2549-04-16,2549,4,038564,49,,,210,442,769,877
2549-05-02,2549,5,024554,27,,,006,438,082,117
2549-05-16,2549,5,100344,71,,,386,463,811,696
2549-06-01,2549,6,810850,99,,,526,149,382,664
2549-06-16,2549,6,100935,17,,,381,410,595,250
2549-07-01,2549,7,952890,65,,,126,183,017,839
2549-07-16,2549,7,512434,48,,,989,098,518,432
2549-08-01,2549,8,238654,88,,,847,005,817,487
2549-08-16,2549,8,977486,91,,,221,305,230,103
2549-09-01,2549,9,381761,44,,,600,693,093,626
2549-09-16,2549,9,217948,41,,,916,290,864,121
2549-10-01,2549,10,952335,92,,,007,804,879,951
2549-10-16,2549,10,264825,58,,,903,092,358,832
2549-11-01,2549,11,910957,29,,,647,739,137,905
2549-11-16,2549,11,562856,94,,,508,307,680,347
2549-12-01,2549,12,270052,12,,,621,462,091,236
2549-12-16,2549,12,147977,45,,,439,694,647,197
2549-12-30,2549,12,778584,07,,,811,403,164,971
2550-01-16,2550,1,838739,55,,,293,263,845,803
2550-02-01,2550,2,769925,56,,,893,239,287,865
2550-02-16,2550,2,277859,95,,,625,607,979,384
2550-03-01,2550,3,742425,61,,,949,294,942,801
2550-03-16,2550,3,876763,85,,,191,001,906,350
2550-04-01,2550,4,622780,93,,,677,794,814,022
2550-04-16,2550,4,405105,63,,,013,987,866,522
2550-05-02,2550,5,430374,81,,,553,442,881,729
2550-05-16,2550,5,232897,25,,,924,858,751,585
2550-06-01,2550,6,836393,05,,,739,242,523,433
2550-06-16,2550,6,393194,41,,,989,907,424,589
2550-07-01,2550,7,565151,76,,,146,287,638,949
2550-07-16,2550,7,527384,77,,,105,183,334,947
2550-08-01,2550,8,429924,29,,,006,048,885,962
2550-08-16,2550,8,476207,93,,,234,236,312,424
2550-09-01,2550,9,331810,69,,,293,505,518,520
2550-09-16,2550,9,499336,45,,,247,273,604,608
2550-10-01,2550,10,430667,76,,,090,104,126,667
2550-10-16,2550,10,032988,48,,,158,663,685,846
2550-11-01,2550,11,927907,88,,,213,277,524,648
2550-11-16,2550,11,562481,73,,,130,198,752,844
2550-12-01,2550,12,113410,18,,,418,485,627,659
2550-12-16,2550,12,513501,96,,,425,432,460,702
2550-12-30,2550,12,595411,81,,,267,490,741,787
2551-01-16,2551,1,556010,81,,,413,548,942,965
2551-02-01,2551,2,212684,26,,,311,472,732,796
2551-02-16,2551,2,137054,80,,,344,512,630,892
2551-03-01,2551,3,936685,05,,,056,085,371,691
2551-03-16,2551,3,074946,33,,,077,974,085,158
2551-04-01,2551,4,012653,71,,,124,195,200,586
2551-04-16,2551,4,982800,64,,,802,584,043,008
2551-05-02,2551,5,453011,62,,,001,133,001,792
2551-05-16,2551,5,329231,69,,,193,120,355,214
2551-06-01,2551,6,414875,35,,,370,666,747,916
2551-06-16,2551,6,729111,75,,,339,345,639,870
2551-07-01,2551,7,943671,50,,,096,287,490,523
2551-07-16,2551,7,257374,41,,,344,401,486,576
2551-08-01,2551,8,850348,11,,,236,386,408,913
2551-08-16,2551,8,380377,36,,,161,445,457,744
2551-09-01,2551,9,695993,09,,,027,206,413,904
2551-09-16,2551,9,012377,56,,,378,534,557,691
2551-10-01,2551,10,882911,67,,,204,302,311,395
2551-10-16,2551,10,431277,98,,,324,526,644,648
2551-11-01,2551,11,272028,76,,,285,333,421,929
2551-11-16,2551,11,002612,20,,,068,589,824,877
2551-12-01,2551,12,205434,05,,,013,260,617,957
2551-12-16,2551,12,074114,25,,,305,715,803,959
2551-12-30,2551,12,218596,22,,,094,197,831,984
2552-01-16,2552,1,743212,25,,,266,800,842,885
2552-02-01,2552,2,534533,69,,,660,777,015,427
2552-02-16,2552,2,038730,93,,,961,939,115,434
2552-03-01,2552,3,553091,67,,,224,238,665,295
2552-03-16,2552,3,268812,36,,,228,929,424,063
2552-04-01,2552,4,816578,50,,,572,363,113,044
2552-04-16,2552,4,368415,33,,,954,179,007,570
2552-05-02,2552,5,294452,11,,,222,549,947,301
2552-05-16,2552,5,111411,54,,,368,838,362,892
2552-06-01,2552,6,777661,26,,,242,097,240,642
2552-06-16,2552,6,930456,15,,,125,044,954,179
2552-07-01,2552,7,207542,66,,,233,107,799,385
2552-07-16,2552,7,000816,94,,,005,177,356,836
2552-08-01,2552,8,154986,92,,,688,239,421,374
2552-08-16,2552,8,462933,96,,,843,292,577,658
2552-09-01,2552,9,015865,32,,,435,447,446,924
2552-09-16,2552,9,202912,48,,,200,353,539,166
2552-10-01,2552,10,169387,06,,,249,435,714,255
2552-10-16,2552,10,258487,00,,,174,135,226,122
2552-11-01,2552,11,689140,85,,,366,923,642,465
2552-11-16,2552,11,055986,58,,,299,952,072,536
2552-12-01,2552,12,776980,59,,,937,188,412,252
2552-12-16,2552,12,685141,05,,,694,775,524,142
2552-12-30,2552,12,994304,87,,,993,337,419,598
2553-01-16,2553,1,073577,67,,,413,459,781,646
2553-02-01,2553,2,186312,14,,,936,577,694,403
2553-02-16,2553,2,133707,03,,,137,026,362,985
2553-03-01,2553,3,215227,97,,,457,627,374,470
2553-03-16,2553,3,364222,97,,,619,996,229,756
2553-04-01,2553,4,959517,22,,,174,663,447,040
2553-04-16,2553,4,211743,96,,,811,744,154,285
2553-05-02,2553,5,360371,06,,,382,040,517,618
2553-05-16,2553,5,480012,12,,,293,151,770,008
2553-06-01,2553,6,444874,81,,,374,298,996,673
2553-06-16,2553,6,500104,73,,,200,628,681,816
2553-07-01,2553,7,480239,68,,,893,450,918,961
2553-07-16,2553,7,180387,34,,,309,219,572,024
2553-08-01,2553,8,210008,10,,,769,182,727,191
2553-08-16,2553,8,911097,64,,,986,578,448,689
2553-09-01,2553,9,354656,11,,,784,570,656,096
2553-09-16,2553,9,017422,66,,,103,316,431,075
2553-10-01,2553,10,488372,02,,,091,996,003,246
2553-10-16,2553,10,621377,42,,,310,518,385,872
2553-11-01,2553,11,191100,59,,,653,968,801,739
2553-11-16,2553,11,813993,43,,,763,979,907,129
2553-12-01,2553,12,181752,09,,,664,470,474,086
2553-12-16,2553,12,334380,24,,,529,315,533,306
2553-12-30,2553,12,884112,49,,,936,153,186,933
2554-01-16,2554,1,281062,23,,,227,185,758,546
2554-02-01,2554,2,610089,55,,,596,361,121,432
2554-02-16,2554,2,481746,27,,,535,510,384,388
2554-03-01,2554,3,656037,97,,,544,357,926,396
2554-03-16,2554,3,593331,96,,,209,945,463,737
2554-04-01,2554,4,814931,01,,,723,584,040,036
2554-04-16,2554,4,825988,44,,,263,213,397,593
2554-05-02,2554,5,054136,85,,,421,945,133,524
2554-05-16,2554,5,406417,05,,,700,044,071,889
2554-06-01,2554,6,562370,46,,,656,346,801,556
2554-06-16,2554,6,351276,88,,,486,167,162,582
2554-07-01,2554,7,622953,51,,,390,160,780,463
2554-07-16,2554,7,116556,12,,,227,052,534,609
2554-08-01,2554,8,218756,12,,,703,583,660,221
2554-08-16,2554,8,536960,62,,,814,345,074,005
2554-09-01,2554,9,724533,85,,,847,021,533,821
2554-09-16,2554,9,731198,28,,,384,645,812,589
2554-10-01,2554,10,511052,15,,,957,104,189,499
2554-10-16,2554,10,955756,83,,,991,057,329,507
2554-11-01,2554,11,805540,54,,,771,380,065,221
2554-11-16,2554,11,997777,57,,,425,551,406,993
2554-12-01,2554,12,408147,02,,,922,253,857,739
2554-12-16,2554,12,884178,21,,,784,235,651,295
2554-12-30,2554,12,526402,65,,,168,026,541,597
2555-01-16,2555,1,451445,81,,,328,150,941,639
2555-02-01,2555,2,320605,32,,,749,426,498,598
2555-02-16,2555,2,648684,18,,,906,214,111,420
2555-03-01,2555,3,222518,79,,,295,135,711,199
2555-03-16,2555,3,607064,08,,,606,333,573,350
2555-04-01,2555,4,257562,69,,,581,074,616,332
2555-04-16,2555,4,583470,62,,,216,088,722,754
2555-05-02,2555,5,889501,29,,,589,597,426,468
2555-05-16,2555,5,814418,31,,,504,309,902,101
2555-06-01,2555,6,882727,38,,,606,576,895,399
2555-06-16,2555,6,159373,51,,,238,790,479,547
2555-07-01,2555,7,915900,60,,,715,656,530,611
2555-07-16,2555,7,904050,11,,,897,224,159,042
2555-08-01,2555,8,895590,50,,,820,599,796,745
2555-08-16,2555,8,683877,28,,,032,612,775,730
2555-09-01,2555,9,329997,07,,,736,598,148,639
2555-09-16,2555,9,540143,79,,,242,752,123,770
2555-10-01,2555,10,124025,58,,,940,554,291,873
2555-10-16,2555,10,281343,28,,,152,089,396,868
2555-11-01,2555,11,524694,63,,,217,188,285,338
2555-11-16,2555,11,639500,15,,,576,560,804,627
2555-12-01,2555,12,110443,43,,,434,553,489,303
2555-12-16,2555,12,529524,72,,,734,745,778,008
2555-12-30,2555,12,302358,00,,,589,864,126,832
2556-01-16,2556,1,820981,08,,,555,196,374,334
2556-02-01,2556,2,565566,66,,,452,695,641,782
2556-02-16,2556,2,368257,09,,,657,708,109,386
2556-03-01,2556,3,976241,37,,,972,721,133,775
2556-03-16,2556,3,968433,52,,,860,959,175,529
2556-04-01,2556,4,571688,53,,,170,430,670,725
2556-04-16,2556,4,843846,86,,,834,862,906,828
2556-05-02,2556,5,603458,07,,,272,359,516,830
2556-05-16,2556,5,687125,56,,,034,261,390,945
2556-06-01,2556,6,935489,90,,,480,713,716,768
2556-06-16,2556,6,289673,69,,,390,098,114,502
2556-07-01,2556,7,646905,51,,,075,284,903,904
2556-07-16,2556,7,566996,86,,,352,210,584,526
2556-08-01,2556,8,356435,82,,,880,451,718,329
2556-08-16,2556,8,321327,20,,,417,945,448,201
2556-09-01,2556,9,548123,05,,,281,570,800,045
2556-09-16,2556,9,562684,63,,,056,235,574,754
2556-10-01,2556,10,647882,14,,,576,324,650,028
2556-10-16,2556,10,963289,60,,,402,529,876,952
2556-11-01,2556,11,739804,47,,,502,020,256,173
2556-11-16,2556,11,806925,28,,,069,304,672,753
2556-12-01,2556,12,168795,27,,,734,766,074,980
2556-12-16,2556,12,341767,79,,,111,228,742,826
2556-12-30,2556,12,561072,48,,,513,750,503,275
2557-01-16,2557,1,306902,52,,,242,077,149,510
2557-02-01,2557,2,180149,95,,,406,492,888,976
2557-02-16,2557,2,384245,01,,,397,530,074,521
2557-03-01,2557,3,906318,35,,,116,537,753,798
2557-03-16,2557,3,531404,79,,,250,305,400,904
2557-04-01,2557,4,028866,95,,,186,499,835,938
2557-04-16,2557,4,153406,26,,,344,013,355,634
2557-05-02,2557,5,103297,52,,,143,158,673,797
2557-05-16,2557,5,087523,20,,,150,505,112,246
2557-06-01,2557,6,781198,18,,,160,324,409,636
2557-06-16,2557,6,673920,95,,,158,140,639,576
2557-07-01,2557,7,378477,39,,,123,271,441,864
2557-07-16,2557,7,468728,45,,,104,944,117,205
2557-08-01,2557,8,766391,82,,,349,576,623,637
2557-08-16,2557,8,662842,91,,,639,912,187,633
2557-09-01,2557,9,856763,22,,,308,912,477,490
2557-09-16,2557,9,772269,35,,,112,257,342,790
2557-10-01,2557,10,375615,44,,,251,086,159,520
2557-10-16,2557,10,656409,94,,,647,784,848,910
2557-11-01,2557,11,206608,44,,,607,203,855,979
2557-11-16,2557,11,479804,25,,,179,422,480,709
2557-12-01,2557,12,480449,11,,,820,380,580,161
2557-12-16,2557,12,948354,90,,,080,763,775,901
2557-12-30,2557,12,461704,57,,,853,982,535,950
2558-01-16,2558,1,244351,74,,,068,398,595,877
2558-02-01,2558,2,155537,79,,,083,286,813,008
2558-02-16,2558,2,001864,90,,,843,103,825,392
2558-03-01,2558,3,240237,34,,,498,031,857,008
2558-03-16,2558,3,048151,92,,,339,622,623,757
2558-04-01,2558,4,605704,70,,,558,962,557,861
2558-04-16,2558,4,506260,38,,,101,164,495,973
2558-05-02,2558,5,543466,30,,,818,163,366,195
2558-05-16,2558,5,011421,38,,,799,484,851,928
2558-06-02,2558,6,388881,65,,,314,700,876,969
2558-06-16,2558,6,644742,05,,,429,253,386,532
2558-07-01,2558,7,759049,26,,,565,814,081,567
2558-07-16,2558,7,121507,49,,,761,461,830,294
2558-08-01,2558,8,518677,53,,,333,598,648,889
2558-08-16,2558,8,033363,40,,,781,227,624,648
2558-09-01,2558,9,021094,89,260,403,068,819,,
2558-09-16,2558,9,743148,06,435,209,375,084,,
2558-10-01,2558,10,594825,07,175,918,440,799,,
2558-10-16,2558,10,968630,62,457,134,412,054,,
2558-11-01,2558,11,361211,45,106,757,166,473,,
2558-11-16,2558,11,795283,03,241,028,643,802,,
2558-12-01,2558,12,915350,78,238,181,714,175,,
2558-12-17,2558,12,930255,08,140,250,094,638,,
2558-12-30,2558,12,008217,02,246,264,596,895,,
2559-01-17,2559,1,304371,50,031,532,743,786,,
2559-02-01,2559,2,927800,09,625,999,054,076,,
2559-02-16,2559,2,356364,98,312,699,309,535,,
2559-03-01,2559,3,439686,06,426,530,155,743,,
2559-03-16,2559,3,134918,32,855,877,004,973,,
2559-04-01,2559,4,066720,92,390,546,285,852,,
2559-04-16,2559,4,221609,87,008,228,507,523,,
2559-05-02,2559,5,399459,02,238,403,046,671,,
2559-05-16,2559,5,141737,98,382,975,087,268,,
2559-06-01,2559,6,511825,14,111,775,880,937,,
2559-06-16,2559,6,073816,79,251,804,321,749,,
2559-07-01,2559,7,082460,53,169,609,173,302,,
2559-07-16,2559,7,449764,55,552,734,158,925,,
2559-08-01,2559,8,272932,57,538,983,472,871,,
2559-08-16,2559,8,254004,33,366,966,596,631,,
2559-09-01,2559,9,638684,62,334,335,630,669,,
2559-09-16,2559,9,240650,42,493,583,043,160,,
2559-10-01,2559,10,887102,33,194,280,017,458,,
2559-10-16,2559,10,571947,98,692,885,032,587,,
2559-11-01,2559,11,785438,86,824,976,038,752,,
2559-11-16,2559,11,858383,44,040,682,558,570,,
2559-12-01,2559,12,086069,77,513,873,148,450,,
2559-12-16,2559,12,435286,35,366,596,199,716,,
2559-12-30,2559,12,377712,46,304,890,477,769,,
2560-01-17,2560,1,145157,25,511,663,516,836,,
2560-02-01,2560,2,054672,42,066,807,426,628,,
2560-02-16,2560,2,229116,14,128,464,375,953,,
2560-03-01,2560,3,978453,78,450,560,052,577,,
2560-03-16,2560,3,273863,92,324,918,694,941,,
2560-04-01,2560,4,392785,80,020,057,500,709,,
2560-04-16,2560,4,816729,40,766,973,241,807,,
2560-05-02,2560,5,008656,35,573,949,773,923,,
2560-05-16,2560,5,454891,53,008,396,490,603,,
2560-06-01,2560,6,053630,61,121,218,581,881,,
2560-06-16,2560,6,943142,47,626,878,373,740,,
2560-07-01,2560,7,112360,26,226,489,005,688,,
2560-07-16,2560,7,820327,87,584,835,390,823,,
2560-08-01,2560,8,756519,36,061,386,787,989,,
2560-08-16,2560,8,715431,37,115,302,253,945,,
2560-09-01,2560,9,143224,65,345,679,195,278,,
2560-09-16,2560,9,170143,71,172,647,340,388,,
2560-10-01,2560,10,880714,52,611,726,462,952,,
2560-10-16,2560,10,413494,86,180,971,128,287,,
2560-11-01,2560,11,533726,85,165,425,036,485,,
2560-11-16,2560,11,292391,98,831,961,477,628,,
2560-12-01,2560,12,451005,33,303,626,257,601,,
2560-12-16,2560,12,955596,89,616,836,290,938,,
2560-12-30,2560,12,911234,98,373,495,504,953,,
2561-01-17,2561,1,203823,50,624,799,236,397,,
2561-02-01,2561,2,026853,31,106,947,181,519,,
2561-02-16,2561,2,309915,39,007,388,230,748,,
2561-03-02,2561,3,759415,29,318,870,589,723,,
2561-03-16,2561,3,218559,82,064,720,205,489,,
2561-04-01,2561,4,412073,85,131,787,638,924,,
2561-04-16,2561,4,739229,60,273,654,076,526,,
2561-05-02,2561,5,248038,85,527,980,225,602,,
2561-05-16,2561,5,075629,20,130,357,047,506,,
2561-06-01,2561,6,988117,95,310,553,248,650,,
2561-06-16,2561,6,223131,46,432,507,132,868,,
2561-07-01,2561,7,963623,83,429,901,210,217,,
2561-07-16,2561,7,596324,27,403,530,138,362,,
2561-08-01,2561,8,386602,78,832,903,549,726,,
2561-08-16,2561,8,586117,10,340,670,591,815,,
2561-09-01,2561,9,734510,26,464,512,097,202,,
2561-09-16,2561,9,149760,79,323,539,155,297,,
2561-10-01,2561,10,452643,99,594,726,561,810,,
2561-10-16,2561,10,200515,93,186,392,192,212,,
2561-11-01,2561,11,149840,58,384,576,046,509,,
2561-11-16,2561,11,989903,16,471,930,140,876,,
2561-12-01,2561,12,021840,67,045,307,561,988,,
2561-12-16,2561,12,356564,62,480,948,297,369,,
2561-12-30,2561,12,735867,02,031,913,701,884,,
2562-01-17,2562,1,197079,65,206,412,127,660,,
2562-02-01,2562,2,967134,04,643,779,197,948,,
2562-02-16,2562,2,074824,56,881,910,612,879,,
2562-03-01,2562,3,345650,65,137,999,830,837,,
2562-03-16,2562,3,724628,64,148,883,154,877,,
2562-04-01,2562,4,109767,52,888,959,403,975,,
2562-04-16,2562,4,570331,23,512,930,966,968,,
2562-05-02,2562,5,061324,25,043,476,374,699,,
2562-05-16,2562,5,962526,71,669,949,018,828,,
2562-06-01,2562,6,516461,46,589,713,215,560,,
2562-06-16,2562,6,174055,29,625,884,127,800,,
2562-07-01,2562,7,943647,86,239,864,006,375,,
2562-07-15,2562,7,369765,88,355,901,113,556,,
2562-08-01,2562,8,387006,58,135,983,562,795,,
2562-08-16,2562,8,775476,89,149,912,563,580,,
2562-09-01,2562,9,798787,20,210,847,274,439,,
2562-09-16,2562,9,340388,85,733,947,925,939,,
2562-10-01,2562,10,691197,59,392,920,606,797,,
2562-10-16,2562,10,812564,15,255,625,132,598,,
2562-11-01,2562,11,967375,79,323,806,021,206,,
2562-11-16,2562,11,017223,32,164,640,085,194,,
2562-12-01,2562,12,453522,81,261,617,013,457,,
2562-12-16,2562,12,529924,97,043,138,555,665,,
2562-12-30,2562,12,510541,81,116,382,140,250,,
2563-01-17,2563,1,491774,68,004,132,379,595,,
2563-02-01,2563,2,589227,06,259,552,375,927,,
2563-02-16,2563,2,781403,94,515,952,030,918,,
2563-03-01,2563,3,875938,98,294,328,597,780,,
2563-03-16,2563,3,503446,77,258,726,404,661,,
2563-04-01,2563,4,051095,22,285,430,191,364,,
2563-06-01,2563,6,831567,24,264,489,562,582,,
2563-06-16,2563,6,516967,64,876,882,565,625,,
2563-07-01,2563,7,347258,83,095,362,094,307,,
2563-07-16,2563,7,873286,53,510,533,494,682,,
2563-08-01,2563,8,569391,92,575,931,578,809,,
2563-08-16,2563,8,945811,88,614,712,364,733,,
2563-09-01,2563,9,999997,98,636,725,342,957,,
2563-09-16,2563,9,244083,57,127,220,623,853,,
2563-10-01,2563,10,837893,59,594,757,110,595,,
2563-10-16,2563,10,286051,38,189,464,045,980,,
2563-11-01,2563,11,506404,40,154,598,062,245,,
2563-11-16,2563,11,972661,46,368,741,208,255,,
2563-12-01,2563,12,100994,84,093,776,834,984,,
2563-12-16,2563,12,201303,70,377,828,072,517,,
2563-12-30,2563,12,803628,19,336,804,321,924,,
2564-01-17,2564,1,384395,15,367,653,566,878,,
2564-02-01,2564,2,912307,97,248,605,282,651,,
2564-02-16,2564,2,424603,39,318,861,057,817,,
2564-03-01,2564,3,835538,73,290,838,051,806,,
2564-03-16,2564,3,890422,19,036,902,256,396,,
2564-04-01,2564,4,472270,05,283,755,393,577,,
2564-04-16,2564,4,100787,56,013,143,264,478,,
2564-05-02,2564,5,501272,18,018,306,129,498,,
2564-05-16,2564,5,684579,14,615,843,276,970,,
2564-06-01,2564,6,292972,45,193,620,723,978,,
2564-06-16,2564,6,691861,17,007,054,447,668,,
2564-07-01,2564,7,713517,29,073,794,414,511,,
2564-07-16,2564,7,556725,70,058,174,233,927,,
2564-08-01,2564,8,910261,69,103,307,004,785,,
2564-08-16,2564,8,046750,23,421,666,160,355,,
2564-09-01,2564,9,114475,79,278,302,123,458,,
2564-09-16,2564,9,070935,90,609,817,007,379,,
2564-10-01,2564,10,578171,83,285,361,379,449,,
2564-10-16,2564,10,386372,38,602,964,295,798,,
2564-11-01,2564,11,045037,95,247,458,331,755,,
2564-11-16,2564,11,032761,57,471,648,245,844,,
2564-12-01,2564,12,077258,82,739,740,401,485,,
2564-12-16,2564,12,639235,83,097,629,476,522,,
2564-12-30,2564,12,819068,36,591,979,419,547,,
2565-01-17,2565,1,880159,92,731,786,119,529,,
2565-02-01,2565,2,944308,30,061,942,485,509,,
2565-02-17,2565,2,098597,57,085,644,592,816,,
2565-03-01,2565,3,061905,07,236,834,234,691,,
2565-03-16,2565,3,737867,03,349,985,788,989,,
2565-04-01,2565,4,970618,10,391,738,578,870,,
2565-04-16,2565,4,395919,58,289,859,413,508,,
2565-05-02,2565,5,658642,09,518,778,041,325,,
2565-05-16,2565,5,155012,06,247,736,236,540,,
2565-06-01,2565,6,319196,02,679,817,213,652,,
2565-06-16,2565,6,361807,92,285,549,106,228,,
2565-07-01,2565,7,981417,61,242,287,002,542,,
2565-07-16,2565,7,620405,53,159,834,061,279,,
2565-08-01,2565,8,436594,14,266,893,282,447,,
2565-08-16,2565,8,331583,42,271,300,284,876,,
2565-09-01,2565,9,929332,83,298,725,210,604,,
2565-09-16,2565,9,943703,75,540,971,432,631,,
2565-10-01,2565,10,484669,50,206,996,194,278,,
2565-10-16,2565,10,613106,15,037,158,606,799,,
2565-11-01,2565,11,913106,70,722,839,343,922,,
2565-11-16,2565,11,121789,64,532,722,157,973,,
2565-12-01,2565,12,375805,08,170,786,409,421,,
2565-12-16,2565,12,845093,14,411,912,593,855,,
2565-12-30,2565,12,157196,58,007,522,250,425,,
2566-01-17,2566,1,812519,47,389,443,564,849,,
2566-02-01,2566,2,297411,92,181,789,101,664,,
2566-02-16,2566,2,590417,80,195,664,377,523,,
2566-03-01,2566,3,417652,55,577,919,748,984,,
2566-03-16,2566,3,025873,73,420,800,355,544,,
2566-04-01,2566,4,087907,99,111,914,290,698,,
2566-04-16,2566,4,984906,71,670,678,551,797,,
2566-05-02,2566,5,843019,65,500,780,187,269,,
2566-05-16,2566,5,132903,99,678,739,693,731,,
2566-06-01,2566,6,125272,09,000,681,386,971,,
2566-06-16,2566,6,264872,30,519,628,202,874,,
2566-07-01,2566,7,922605,16,281,867,491,947,,
2566-07-16,2566,7,169530,62,261,384,066,780,,
2566-07-31,2566,7,260453,11,268,708,387,601,,
2566-08-16,2566,8,471782,67,431,739,737,742,,
2566-09-01,2566,9,915478,91,521,596,291,692,,
2566-09-16,2566,9,320812,46,037,699,057,344,,
2566-10-01,2566,10,727202,66,324,355,426,615,,
2566-10-16,2566,10,931446,44,167,398,272,970,,
2566-11-01,2566,11,743951,63,335,913,019,349,,
2566-11-16,2566,11,557990,14,346,412,778,961,,
2566-12-01,2566,12,251097,91,055,265,092,280,,
2566-12-16,2566,12,356757,85,058,410,584,964,,
2566-12-30,2566,12,625544,89,600,648,456,882,,
2567-01-17,2567,1,105979,61,429,931,196,635,,
2567-02-01,2567,2,607063,09,454,943,544,591,,
2567-02-16,2567,2,941395,43,056,330,375,587,,
2567-03-01,2567,3,253603,79,900,975,382,703,,
2567-03-16,2567,3,997626,78,509,571,329,794,,
2567-04-01,2567,4,803481,90,122,809,559,947,,
2567-04-16,2567,4,943598,79,727,729,154,200,,
2567-05-02,2567,5,980116,17,104,763,634,833,,
2567-05-16,2567,5,205690,60,747,885,070,137,,
2567-06-01,2567,6,530593,42,194,364,421,734,,
2567-06-16,2567,6,518504,31,016,428,426,447,,
2567-07-01,2567,7,434503,89,839,975,647,778,,
2567-07-16,2567,7,367336,21,011,331,421,618,,
2567-08-01,2567,8,407041,46,408,579,070,622,,
2567-08-16,2567,8,095867,28,212,334,697,728,,
2567-09-01,2567,9,199606,94,173,220,094,388,,
2567-09-16,2567,9,608662,37,230,904,008,408,,
2567-10-01,2567,10,718665,59,053,812,079,566,,
2567-10-16,2567,10,482962,00,561,648,493,919,,
2567-11-01,2567,11,536044,32,174,225,063,231,,
2567-11-16,2567,11,187221,38,036,923,547,980,,
2567-12-01,2567,12,669843,61,559,626,098,654,,
2567-12-16,2567,12,097863,21,290,742,339,881,,
2568-01-02,2568,1,730209,51,065,446,297,376,,
2568-01-17,2568,1,807779,23,699,961,448,477,,
2568-02-01,2568,2,558700,51,285,418,685,824,,
2568-02-16,2568,2,847377,50,268,613,001,652,,
2568-03-01,2568,3,818894,54,139,530,656,781,,
2568-03-16,2568,3,757563,32,595,927,309,457,,
2568-04-01,2568,4,669687,36,635,760,180,666,,
2568-04-16,2568,4,266227,85,254,413,474,760,,
2568-05-02,2568,5,213388,06,116,826,167,662,,
2568-05-16,2568,5,251309,87,109,231,631,965,,
2568-06-01,2568,6,559352,20,134,349,044,307,,
2568-06-16,2568,6,507392,06,017,243,299,736,,
2568-07-01,2568,7,949246,91,169,680,261,918,,
2568-07-16,2568,7,245324,26,171,995,084,336,,
2568-08-01,2568,8,811852,50,142,525,512,891,,
2568-08-16,2568,8,994865,63,247,602,834,989,,
2568-09-01,2568,9,506356,31,012,131,022,209,,
2568-09-16,2568,9,074646,58,512,740,308,703,,
2568-10-01,2568,10,876978,77,532,843,280,605,,
2568-10-16,2568,10,059696,61,531,955,476,889,,
2568-11-01,2568,11,345898,87,328,449,111,690,,
2568-11-16,2568,11,458145,37,242,602,239,389,,
2568-12-01,2568,12,461252,22,389,655,137,995,,
2568-12-16,2568,12,763895,52,176,431,014,449,,
2569-01-02,2569,1,837706,16,347,694,288,765,,
2569-01-17,2569,1,878972,02,299,815,363,662,,
2569-02-01,2569,2,174629,48,195,917,041,408,,
2569-02-16,2569,2,340563,07,241,527,169,578,,
2569-03-01,2569,3,820866,06,054,479,068,837,,
2569-03-16,2569,3,833009,64,510,983,439,954,,
2569-04-01,2569,4,292514,47,113,406,098,851,,
2569-04-16,2569,4,309612,77,108,355,424,868,,
2569-05-02,2569,5,536077,43,267,318,065,153,,
2569-05-16,2569,5,107387,08,091,298,602,716,,
2569-06-01,2569,6,173770,95,415,848,410,938,,
2569-06-16,2569,6,287184,48,434,758,007,721,,
